page_found_on,pdf_count
https://uhs.fsu.edu/about,1
https://uhs.fsu.edu/about/annual-reports,1
https://uhs.fsu.edu/about/faq/university-sponsored-insurance,1
https://uhs.fsu.edu/about/mission-vision-values,2
https://uhs.fsu.edu/about/strategic-plan,1
https://uhs.fsu.edu/feedback-uhs,2
https://uhs.fsu.edu/forms-and-records,5
https://uhs.fsu.edu/forms-and-records/course-drops,5
https://uhs.fsu.edu/forms-and-records/medical-records,3
https://uhs.fsu.edu/health-care/after-hours-care,1
https://uhs.fsu.edu/health-care/clinical-services/allergy-clinic,4
https://uhs.fsu.edu/health-care/clinical-services/physical-therapy,1
https://uhs.fsu.edu/health-care/clinical-services/primary-care,1
https://uhs.fsu.edu/health-care/clinical-services/womens-clinic,7
https://uhs.fsu.edu/nchasurvey,4
https://uhs.fsu.edu/newstudents,1
https://uhs.fsu.edu/preparingforyourvisit,2
https://uhs.fsu.edu/uhs-marketing-request,1
