url,file name,title
https://career.fsu.edu/sites/g/files/upcbnu746/files/Career%20Guide%202024-25%20single%20page%20view.pdf,Career Guide 2024-25 single page view.pdf,Titles Scraping Disabled
https://career.fsu.edu/sites/g/files/upcbnu746/files/ChoosingAMajor2023%20%281%29_3.pdf,ChoosingAMajor2023 (1)_3.pdf,Titles Scraping Disabled
https://career.fsu.edu/sites/g/files/upcbnu746/files/ChoosingMajor%20Guide%202024_Fillable%20Version.pdf,ChoosingMajor Guide 2024_Fillable Version.pdf,Titles Scraping Disabled
https://career.fsu.edu/sites/g/files/upcbnu746/files/Military%20to%20Civilian_0.pdf,Military to Civilian_0.pdf,Titles Scraping Disabled
https://career.fsu.edu/sites/g/files/upcbnu746/files/files/students/graduate-students/Considering%20Graduate%20School%20Final%20Web.pdf,Considering Graduate School Final Web.pdf,Titles Scraping Disabled
https://career.fsu.edu/sites/g/files/upcbnu746/files/Applying%20to%20Graduate%20School%20Timeline_0.pdf,Applying to Graduate School Timeline_0.pdf,Titles Scraping Disabled
https://career.fsu.edu/sites/g/files/upcbnu746/files/Write%20your%20Personal%20Statement.pdf,Write your Personal Statement.pdf,Titles Scraping Disabled
https://www.career.fsu.edu/sites/g/files/upcbnu746/files/Utilizing%20The%20CC%20as%20Grad%20%281%29.pdf,Utilizing The CC as Grad (1).pdf,Titles Scraping Disabled
https://career.fsu.edu/sites/g/files/upcbnu746/files/Job%20Shadowing%20and%20Information%20Interviews_2.pdf,Job Shadowing and Information Interviews_2.pdf,Titles Scraping Disabled
https://career.fsu.edu/sites/g/files/upcbnu746/files/Resume%20Writing%20guide%20Summer%202024.pdf,Resume Writing guide Summer 2024.pdf,Titles Scraping Disabled
https://career.fsu.edu/sites/g/files/upcbnu746/files/FederalResumeGuide_FINAL.pdf,FederalResumeGuide_FINAL.pdf,Titles Scraping Disabled
https://career.fsu.edu/sites/g/files/upcbnu746/files/CV%20Guide%202025.pdf,CV Guide 2025.pdf,Titles Scraping Disabled
https://career.fsu.edu/sites/g/files/upcbnu746/files/Sample%20CVs.pdf,Sample CVs.pdf,Titles Scraping Disabled
https://career.fsu.edu/sites/g/files/upcbnu746/files/Writing%20Effective%20Letters_1.pdf,Writing Effective Letters_1.pdf,Titles Scraping Disabled
https://career.fsu.edu/sites/g/files/upcbnu746/files/Linkedin%20Guide%20Print%20File.pdf,Linkedin Guide Print File.pdf,Titles Scraping Disabled
https://career.fsu.edu/sites/g/files/upcbnu746/files/Job%20Shadowing%20and%20Information%20Interviews_1.pdf,Job Shadowing and Information Interviews_1.pdf,Titles Scraping Disabled
https://career.fsu.edu/sites/g/files/upcbnu746/files/Preparing%20for%20a%20Career%20Fair%20%28NoleNetwork%20edit%202022%29.pdf,Preparing for a Career Fair (NoleNetwork edit 2022).pdf,Titles Scraping Disabled
https://career.fsu.edu/sites/g/files/upcbnu746/files/Dress%20to%20Impress_0.pdf,Dress to Impress_0.pdf,Titles Scraping Disabled
https://career.fsu.edu/sites/g/files/upcbnu746/files/Interview%20Guide%20-%20Summer%202022%20%28digital%29_0_0.pdf,Interview Guide - Summer 2022 (digital)_0_0.pdf,Titles Scraping Disabled
https://career.fsu.edu/sites/g/files/upcbnu746/files/Negotiating%20Job%20Offers_2.pdf,Negotiating Job Offers_2.pdf,Titles Scraping Disabled
https://career.fsu.edu/sites/g/files/upcbnu746/files/Job%20Offer%20Evaluation%20Worksheet%202019.pdf,Job Offer Evaluation Worksheet 2019.pdf,Titles Scraping Disabled
https://career.fsu.edu/sites/g/files/upcbnu746/files/Benefits%20Checklist.pdf,Benefits Checklist.pdf,Titles Scraping Disabled
https://career.fsu.edu/sites/g/files/upcbnu746/files/Salary%20Form%20for%20Occupations%20-%20Fillable%20%281%29.pdf,Salary Form for Occupations - Fillable (1).pdf,Titles Scraping Disabled
https://career.fsu.edu/sites/g/files/upcbnu746/files/Calculate%20your%20Personal%20Salary%20Range.pdf,Calculate your Personal Salary Range.pdf,Titles Scraping Disabled
https://career.fsu.edu/sites/g/files/upcbnu746/files/Career%20Portfolio%20User%27s%20Guide_1.pdf,Career Portfolio User's Guide_1.pdf,Titles Scraping Disabled
